,TRAIN,SM,CAR
TT,-0.6832212805747986,-0.2956615686416626,-0.3819739520549774
HE,-0.11051736772060394,-0.3976607024669647,0.0
SEATS,0.0,2.1361420154571533,0.0
COST,-1.0,-1.0,-1.0
ONE,4.559025764465332,5.611023902893066,0.0
