,TRAIN,SM,CAR
TT,-2.3171510696411133,-1.7804367542266846,-1.7035831212997437
HE,-1.1507213115692139,-1.632147192955017,0.0
SEATS,0.0,0.3504696190357208,0.0
COST,-1.0,-1.0,-1.0
ONE,0.7569457292556763,0.7327406406402588,0.0
