,TRAIN,SM,CAR
TT,-7.431262969970703,-5.683305263519287,-7.9339518547058105
HE,-4.740070819854736,-5.519509792327881,0.0
SEATS,0.0,-1.148320198059082,0.0
COST,-1.0,-1.0,-1.0
ONE,-1.590797781944275,-1.2212636470794678,0.0
