,TRAIN,SM,CAR
TT,0.8486129641532898,0.7208582758903503,0.733454704284668
HE,0.55104660987854,0.7183340191841125,0.0
SEATS,0.0,0.6039078831672668,0.0
COST,-1.0,-1.0,-1.0
ONE,1.3068368434906006,1.3203532695770264,0.0
