,TRAIN,SM,CAR
TT,-0.6280629634857178,-0.3483526110649109,-0.45922034978866577
HE,-0.15671664476394653,-0.6196758151054382,0.0
SEATS,0.0,1.8939111232757568,0.0
COST,-1.0,-1.0,-1.0
ONE,3.869753360748291,5.293718338012695,0.0
