,TRAIN,SM,CAR
TT,-2.5066468715667725,-1.8946901559829712,-1.7494088411331177
HE,-1.2275739908218384,-1.8005801439285278,0.0
SEATS,0.0,0.2567504048347473,0.0
COST,-1.0,-1.0,-1.0
ONE,0.773807942867279,0.5991483330726624,0.0
