,TRAIN,SM,CAR
TT,-7.539512634277344,-6.824925899505615,-7.81290864944458
HE,-4.477388858795166,-7.558310031890869,0.0
SEATS,0.0,-1.0954246520996094,0.0
COST,-1.0,-1.0,-1.0
ONE,-0.9821864366531372,-1.3303229808807373,0.0
