,TRAIN,SM,CAR
TT,0.8789421916007996,0.9409545063972473,0.715175211429596
HE,0.556454062461853,0.7257688045501709,0.0
SEATS,0.0,0.5466365218162537,0.0
COST,-1.0,-1.0,-1.0
ONE,1.0654963254928589,1.1790341138839722,0.0
