,TRAIN,SM,CAR
TT,-0.7849006056785583,-1.1696865558624268,-0.9794175624847412
HE,-0.7917432188987732,-0.7740888595581055,0.0
SEATS,0.0,0.2831743359565735,0.0
COST,-1.0,-1.0,-1.0
ONE,0.6536157131195068,0.45267754793167114,0.0
