,TRAIN,SM,CAR
TT,-1.7292810678482056,-1.3288224935531616,-1.2481294870376587
HE,-0.8040446639060974,-0.776374101638794,0.0
SEATS,0.0,0.27627232670783997,0.0
COST,-1.0,-1.0,-1.0
ONE,0.4469412863254547,0.27262142300605774,0.0
