,TRAIN,SM,CAR
TT,-2.5685625076293945,-1.5974562168121338,-1.387287974357605
HE,-0.8144058585166931,-0.7780172824859619,0.0
SEATS,0.0,0.2689239978790283,0.0
COST,-1.0,-1.0,-1.0
ONE,0.3662286102771759,0.14112061262130737,0.0
