,TRAIN,SM,CAR
TT,0.40191972255706787,0.08502280712127686,0.1277763992547989
HE,0.005239848978817463,0.0007178107625804842,0.0
SEATS,0.0,0.0026507156435400248,0.0
COST,-1.0,-1.0,-1.0
ONE,0.08247136324644089,0.07868393510580063,0.0
